IDADE,ANOS_NA_PM,PONTO_VIRADA,INDE,IAA,IEG,IPS,IDA,IPP,IPV,IAN,FASE_TURMA,INSTITUICAO,ANOS_PM_POR_IDADE
10,1,0,5.0,5.4,5.1,6.0,5.0,5.5,5.2,5.3,1A,A,0.1
13,3,1,6.2,6.4,6.1,6.2,6.1,6.2,6.2,6.3,2B,B,0.23076923076923078
11,2,1,5.5,5.5,5.2,6.1,5.1,5.6,5.3,5.4,1B,B,0.18181818181818182
16,4,0,7.0,7.3,7.1,6.8,6.9,6.7,7.0,7.2,3B,A,0.25
12,2,0,6.0,6.4,6.0,6.1,6.0,6.1,6.2,6.3,2A,A,0.16666666666666666
17,5,1,7.2,7.4,7.3,6.9,7.0,6.8,7.1,7.3,4A,B,0.29411764705882354
